{
  "category_statistics": {
    "Аренда": {
      "total": 1500499.0,
      "average": 5052.185185185185,
      "max": 33967.0,
      "min": 1642.0,
      "count": 297
    },
    "Топливо": {
      "total": 552578.0,
      "average": 1776.7781350482314,
      "max": 3162.0,
      "min": 778.0,
      "count": 311
    },
    "Пробег": {
      "total": 3201942.0,
      "average": 189.46402366863904,
      "max": 473.0,
      "min": 0.0,
      "count": 16900
    },
    "Админ_расходы": {
      "total": 229704.0,
      "average": 805.978947368421,
      "max": 1377.0,
      "min": 196.0,
      "count": 285
    },
    "Ремонт": {
      "total": 2435.0,
      "average": 46.82692307692308,
      "max": 188.0,
      "min": 1.0,
      "count": 52
    },
    "Логистика": {
      "total": 564888.0,
      "average": 1996.070671378092,
      "max": 3358.0,
      "min": 698.0,
      "count": 283
    },
    "Налоги": {
      "total": 16554.0,
      "average": 62.0,
      "max": 62.0,
      "min": 62.0,
      "count": 267
    },
    "Амортизация": {
      "total": 231804.0,
      "average": 822.0,
      "max": 822.0,
      "min": 822.0,
      "count": 282
    },
    "Штрафы": {
      "total": 51057.0,
      "average": 5105.7,
      "max": 15300.0,
      "min": 550.0,
      "count": 10
    }
  },
  "vehicle_statistics": {
    "КАМАЗ 5490": {
      "total": 357313.0,
      "average": 383.38304721030045,
      "max": 28678.0,
      "min": 0.0,
      "count": 932
    },
    "Hyundai Creta": {
      "total": 301605.0,
      "average": 313.19314641744546,
      "max": 22748.0,
      "min": 0.0,
      "count": 963
    },
    "LADA Веста": {
      "total": 328859.0,
      "average": 344.7159329140461,
      "max": 19756.0,
      "min": 0.0,
      "count": 954
    },
    "Hyundai Tucson": {
      "total": 633157.0,
      "average": 348.4628508530545,
      "max": 24704.0,
      "min": 0.0,
      "count": 1817
    },
    "ГАЗ ГАЗель NEXT": {
      "total": 969287.0,
      "average": 333.8914915604547,
      "max": 33967.0,
      "min": 0.0,
      "count": 2903
    },
    "ГАЗ Соболь": {
      "total": 1026657.0,
      "average": 369.5669546436285,
      "max": 31172.0,
      "min": 0.0,
      "count": 2778
    },
    "LADA Нива": {
      "total": 293592.0,
      "average": 316.37068965517244,
      "max": 23434.0,
      "min": 0.0,
      "count": 928
    },
    "УАЗ Профи": {
      "total": 313773.0,
      "average": 350.19308035714283,
      "max": 18656.0,
      "min": 0.0,
      "count": 896
    },
    "LADA Гранта": {
      "total": 577151.0,
      "average": 313.1584373304395,
      "max": 17525.0,
      "min": 0.0,
      "count": 1843
    },
    "КАМАЗ 5320": {
      "total": 301975.0,
      "average": 321.5921192758253,
      "max": 4666.0,
      "min": 0.0,
      "count": 939
    },
    "КАМАЗ 65115": {
      "total": 600309.0,
      "average": 320.50667378537105,
      "max": 31211.0,
      "min": 0.0,
      "count": 1873
    },
    "LADA Ларгус": {
      "total": 312288.0,
      "average": 343.9295154185022,
      "max": 32719.0,
      "min": 0.0,
      "count": 908
    },
    "КАМАЗ 43118": {
      "total": 335495.0,
      "average": 352.04092339979013,
      "max": 26494.0,
      "min": 0.0,
      "count": 953
    }
  },
  "total_statistics": {
    "total_amount": 6351461.0,
    "average_amount": 339.88660566168994,
    "max_amount": 33967.0,
    "min_amount": 0.0,
    "count": 18687
  }
}